{"Logistic Regression": {"Accuracy": 82.53, "Precision": 79.23, "Recall": 88.79, "F1 Score": 83.74000000000001}, "Decision Tree": {"Accuracy": 78.17, "Precision": 71.43, "Recall": 94.83, "F1 Score": 81.47999999999999}, "Random Forest": {"Accuracy": 76.86, "Precision": 70.32000000000001, "Recall": 93.97, "F1 Score": 80.44}, "Naive Bayes": {"Accuracy": 85.15, "Precision": 85.96000000000001, "Recall": 84.48, "F1 Score": 85.22}, "KNN": {"Accuracy": 82.97, "Precision": 79.39, "Recall": 89.66, "F1 Score": 84.21}, "SVM": {"Accuracy": 85.59, "Precision": 81.67999999999999, "Recall": 92.24, "F1 Score": 86.64}, "sgd": {"Accuracy": 82.97, "Precision": 78.95, "Recall": 90.52, "F1 Score": 84.34}}